southwest	Northeast
['20.55248', '77.53618']	['20.52536', '77.58905']
